{
    "name": "orbit",
    "title": "Orbit - Automated Planet Orbits",
    "description": "Automatic planet movement based on time/date from simple calendar",
    "version": "0.0.1",
    "author": "muhahahahe",
    "languages": [
        {
            "lang": "en",
            "name": "English",
            "path": "./src/lang/en.json"
        }
    ],
    "socket": true,
    "minimumCoreVersion": "0.8.6",
    "compatibleCoreVersion": "0.8.9",
    "url": "https://github.com/muhahahahe/foundry-orbit",
    "manifest": "https://raw.githubusercontent.com/muhahahahe/foundry-orbit/main/module.json",
    "download": "https://raw.githubusercontent.com/muhahahahe/foundry-orbit/main/download/orbit.zip",
    "scripts": [
        "./src/main.js",
        "./src/config.js",
        "./src/classes.js",
        "./src/helpers.js"
    ],
    "dependencies": [
        {
            "name": "foundryvtt-simple-calendar",
            "manifest": "https://github.com/vigoren/foundryvtt-simple-calendar/blob/main/src/module.json"
        },
        {
            "name": "socketlib"
        },
        {
            "name": "lib-wrapper"
        }
    ]
}